{
    "robot_coords": [
        [
            165.1776052423651,
            153.6428967184273,
            1.9999999999999467
        ],
        [
            228.67760524236513,
            153.6428967184273,
            1.9999999999999467
        ],
        [
            228.67760524236513,
            111.1428967184273,
            1.699999999999914
        ],
        [
            165.27760524236513,
            111.1428967184273,
            1.9999999999998899
        ]
    ],
    "camera_coords": [
        [
            1853.0,
            1372.0
        ],
        [
            1848.0,
            537.0
        ],
        [
            604.0,
            542.0
        ],
        [
            606.0,
            1376.0
        ]
    ],
    "tf_mtx": [
        [
            0.021808354966643177,
            -0.0002142214614441751,
            150.34734279217528
        ],
        [
            -0.00019051802029527998,
            -0.02183208606908745,
            178.613712996266
        ],
        [
            0.0,
            0.0,
            1.0
        ]
    ],
    "calib_origin": [
        180.05999999999997,
        158.78,
        115.00000000000001
    ],
    "offset": [
        38.526087017477096,
        65.21005593939219
    ],
    "size_conversion_ratio": 0.00047609824701145637,
    "one_d_ratio": 0.02181963990534549
}