{
    "robot_coords": [
        [
            165.1776052423651,
            153.6428967184273,
            1.9999999999999467
        ],
        [
            228.67760524236513,
            153.6428967184273,
            1.9999999999999467
        ],
        [
            228.67760524236513,
            111.1428967184273,
            1.699999999999914
        ],
        [
            165.27760524236513,
            111.1428967184273,
            1.9999999999998899
        ]
    ],
    "camera_coords": [
        [
            1853.0,
            1372.0
        ],
        [
            1848.0,
            537.0
        ],
        [
            604.0,
            542.0
        ],
        [
            606.0,
            1376.0
        ]
    ],
    "tf_mtx": [
        [
            0.02773658272749579,
            -0.00026923386525132265,
            147.19897337178435
        ],
        [
            -0.00026934056685803953,
            -0.027736583763229378,
            181.37783926848076
        ],
        [
            0.0,
            0.0,
            1.0
        ]
    ],
    "calib_origin": [
        178.05999999999997,
        160.78,
        115.00000000000001
    ],
    "tip_calib_origin":[
        282.19999999999993, 
        161.27, 
        115.00000000000001
    ],
    "offset": [
        19.77902202352061,
        61.899668732071206
    ],
    "size_conversion_ratio": 0.0007687548607636146,
    "one_d_ratio": 0.027726356088169753
}