{
    "robot_coords": [
        [
            165.1776052423651,
            153.6428967184273,
            1.9999999999999467
        ],
        [
            228.67760524236513,
            153.6428967184273,
            1.9999999999999467
        ],
        [
            228.67760524236513,
            111.1428967184273,
            1.699999999999914
        ],
        [
            165.27760524236513,
            111.1428967184273,
            1.9999999999998899
        ]
    ],
    "camera_coords": [
        [
            1853.0,
            1372.0
        ],
        [
            1848.0,
            537.0
        ],
        [
            604.0,
            542.0
        ],
        [
            606.0,
            1376.0
        ]
    ],
    "tf_mtx": [
        [
            0.02773706044406442,
            -0.00019261906897857783,
            150.92472250022354
        ],
        [
            -0.000308189560356803,
            -0.027775637566083658,
            182.46483641666453
        ],
        [
            0.0,
            0.0,
            1.0
        ]
    ],
    "calib_origin": [
        180.05999999999997,
        160.78,
        115.00000000000001
    ],
    "offset": [
        37.773635740200234,
        60.94818341904596
    ],
    "size_conversion_ratio": 0.0007710823313613046,
    "one_d_ratio": 0.02776835318527146
}