{
    "robot_coords": [
        [
            165.1776052423651,
            153.6428967184273,
            1.9999999999999467
        ],
        [
            228.67760524236513,
            153.6428967184273,
            1.9999999999999467
        ],
        [
            228.67760524236513,
            111.1428967184273,
            1.699999999999914
        ],
        [
            165.27760524236513,
            111.1428967184273,
            1.9999999999998899
        ]
    ],
    "camera_coords": [
        [
            1853.0,
            1372.0
        ],
        [
            1848.0,
            537.0
        ],
        [
            604.0,
            542.0
        ],
        [
            606.0,
            1376.0
        ]
    ],
    "tf_mtx": [
        [
            0.02328260161771675,
            -2.72632968727482e-05,
            121.66131957313245
        ],
        [
            -0.00021810399639832223,
            -0.02341894835321882,
            170.27787991032196
        ],
        [
            0.0,
            0.0,
            1.0
        ]
    ],
    "calib_origin": [
        152.05999999999997,
        147.78,
        115.00000000000001
    ],
    "offset": [
        44.452615969802764,
        75.19530335316153
    ],
    "size_conversion_ratio": 0.0005479644237917683,
    "one_d_ratio": 0.023408611043903585
}