{
    "robot_coords": [
        [
            165.1776052423651,
            153.6428967184273,
            1.9999999999999467
        ],
        [
            228.67760524236513,
            153.6428967184273,
            1.9999999999999467
        ],
        [
            228.67760524236513,
            111.1428967184273,
            1.699999999999914
        ],
        [
            165.27760524236513,
            111.1428967184273,
            1.9999999999998899
        ]
    ],
    "camera_coords": [
        [
            1853.0,
            1372.0
        ],
        [
            1848.0,
            537.0
        ],
        [
            604.0,
            542.0
        ],
        [
            606.0,
            1376.0
        ]
    ],
    "tf_mtx": [
        [
            0.02192757715449746,
            -0.00019534709144289342,
            124.001566076619
        ],
        [
            -0.0002441823736629989,
            -0.02226953956467689,
            166.85192019959223
        ],
        [
            0.0,
            0.0,
            1.0
        ]
    ],
    "calib_origin": [
        154.05999999999997,
        144.78,
        115
    ],
    "offset": [
        44.43872514354808,
        76.28742801591574
    ],
    "size_conversion_ratio": 0.0004953337053903816,
    "one_d_ratio": 0.022256028674325176
}