{
    "robot_coords": [
        [
            165.1776052423651,
            153.6428967184273,
            1.9999999999999467
        ],
        [
            228.67760524236513,
            153.6428967184273,
            1.9999999999999467
        ],
        [
            228.67760524236513,
            111.1428967184273,
            1.699999999999914
        ],
        [
            165.27760524236513,
            111.1428967184273,
            1.9999999999998899
        ]
    ],
    "camera_coords": [
        [
            1853.0,
            1372.0
        ],
        [
            1848.0,
            537.0
        ],
        [
            604.0,
            542.0
        ],
        [
            606.0,
            1376.0
        ]
    ],
    "tf_mtx": [
        [
            0.021808951062722973,
            -0.0001668183879260654,
            151.60493366253257
        ],
        [
            -0.00016687042616700398,
            -0.021856621185491344,
            177.59332931985338
        ],
        [
            0.0,
            0.0,
            1.0
        ]
    ],
    "calib_origin": [
        180.05999999999997,
        158.78,
        115.00000000000001
    ],
    "offset": [
        44.955921536308324,
        63.14586542355488
    ],
    "size_conversion_ratio": 0.00047606091982059566,
    "one_d_ratio": 0.021818732254703016
}