{
    "camera_mtx": [
        [
            12508.133434885662,
            0.0,
            1296.7507106907988
        ],
        [
            0.0,
            12518.917801743453,
            1266.736074391745
        ],
        [
            0.0,
            0.0,
            1.0
        ]
    ],
    "dist_coeffs": [
        [
            -2.527611844496405,
            32.13965710507014,
            -0.02636532025161866,
            0.00402177081854492,
            0.440893668671899
        ]
    ]
}