{
    "robot_coords": [
        [
            181.8,
            116.0,
            10.699999999999985
        ],
        [
            180.9,
            142.0,
            10.699999999999985
        ],
        [
            207.1,
            143.0,
            10.699999999999985
        ],
        [
            208.1,
            116.5,
            10.699999999999985
        ]
    ],
    "camera_coords": [
        [
            1499.0,
            1238.0
        ],
        [
            975.0,
            1244.0
        ],
        [
            1492.0,
            717.0
        ],
        [
            977.0,
            720.0
        ]
    ],
    "tf_mtx": [
        [
            0.022265456277782026,
            0.0003938550179563849,
            126.00271383794389
        ],
        [
            0.0003450394369484133,
            -0.02211736072861827,
            68.24269651793169
        ],
        [
            0.0,
            0.0,
            1.0
        ]
    ],
    "calib_origin": [
        155.0,
        47.0,
        100.0
    ],
    "offset": [
        39.139999999999816,
        80.3900000000001
    ],
    "size_conversion_ratio": 0.0004867246097999473,
    "one_d_ratio": 0.022058777660026632
}