{
    "camera_mtx": [
        [
            5248.541641273871,
            0.0,
            1253.954613398179
        ],
        [
            0.0,
            5249.497501261133,
            929.749205855258
        ],
        [
            0.0,
            0.0,
            1.0
        ]
    ],
    "dist_coeffs": [
        [
            -0.6056784377647718,
            -0.22349672145537805,
            0.0008991908467905292,
            0.0011831695260415863,
            6.192254309151889
        ]
    ]
}